{
  "parent": "minecraft:recipes/root",
  "criteria": {
    "has_pale_oak_planks": {
      "conditions": { "items": [ { "items": "minecraft:pale_oak_planks" } ] },
      "trigger": "minecraft:inventory_changed"
    },
    "has_the_recipe": {
      "conditions": { "recipe": "suprememc:stick_from_pale_oak_planks_stonecutting" },
      "trigger": "minecraft:recipe_unlocked"
    }
  },
  "requirements": [["has_the_recipe","has_pale_oak_planks"]],
  "rewards": { "recipes": ["suprememc:stick_from_pale_oak_planks_stonecutting"] }
}
