{
  "parent": "minecraft:recipes/root",
  "criteria": {
    "has_dark_oak_planks": {
      "conditions": {
        "items": [
          {
            "items": "minecraft:dark_oak_planks"
          }
        ]
      },
      "trigger": "minecraft:inventory_changed"
    },
    "has_the_recipe": {
      "conditions": {
        "recipe": "suprememc:stick_from_dark_oak_planks_stonecutting"
      },
      "trigger": "minecraft:recipe_unlocked"
    }
  },
  "requirements": [
    [
      "has_the_recipe",
      "has_dark_oak_planks"
    ]
  ],
  "rewards": {
    "recipes": [
      "suprememc:stick_from_dark_oak_planks_stonecutting"
    ]
  }
}