{
  "parent": "minecraft:recipes/root",
  "criteria": {
    "has_cherry_planks": {
      "conditions": { "items": [ { "items": "minecraft:cherry_planks" } ] },
      "trigger": "minecraft:inventory_changed"
    },
    "has_the_recipe": {
      "conditions": { "recipe": "suprememc:cherry_fence_from_cherry_planks_stonecutting" },
      "trigger": "minecraft:recipe_unlocked"
    }
  },
  "requirements": [["has_the_recipe","has_cherry_planks"]],
  "rewards": { "recipes": ["suprememc:cherry_fence_from_cherry_planks_stonecutting"] }
}
