{
  "parent": "minecraft:recipes/root",
  "criteria": {
    "has_acacia_planks": {
      "conditions": {
        "items": [
          {
            "items": "minecraft:acacia_planks"
          }
        ]
      },
      "trigger": "minecraft:inventory_changed"
    },
    "has_the_recipe": {
      "conditions": {
        "recipe": "suprememc:acacia_trapdoor_from_acacia_planks_stonecutting"
      },
      "trigger": "minecraft:recipe_unlocked"
    }
  },
  "requirements": [
    [
      "has_the_recipe",
      "has_acacia_planks"
    ]
  ],
  "rewards": {
    "recipes": [
      "suprememc:acacia_trapdoor_from_acacia_planks_stonecutting"
    ]
  }
}