{
  "parent": "minecraft:recipes/root",
  "criteria": {
    "has_bamboo_planks": {
      "conditions": {
        "items": [
          {
            "items": "minecraft:bamboo_planks"
          }
        ]
      },
      "trigger": "minecraft:inventory_changed"
    },
    "has_the_recipe": {
      "conditions": {
        "recipe": "suprememc:bamboo_stairs_from_bamboo_planks_stonecutting"
      },
      "trigger": "minecraft:recipe_unlocked"
    }
  },
  "requirements": [
    [
      "has_the_recipe",
      "has_bamboo_planks"
    ]
  ],
  "rewards": {
    "recipes": [
      "suprememc:bamboo_stairs_from_bamboo_planks_stonecutting"
    ]
  }
}