{
  "parent": "minecraft:recipes/root",
  "criteria": {
    "has_birch_wood": {
      "conditions": {"items": [{"items": "minecraft:birch_wood"}]},
      "trigger": "minecraft:inventory_changed"
    },
    "has_the_recipe": {
      "conditions": {"recipe": "suprememc:birch_planks_from_birch_wood_stonecutting"},
      "trigger": "minecraft:recipe_unlocked"
    }
  },
  "requirements": [["has_the_recipe","has_birch_wood"]],
  "rewards": {"recipes": ["suprememc:birch_planks_from_birch_wood_stonecutting"]}
}