{
  "parent": "minecraft:recipes/root",
  "criteria": {
    "has_stripped_birch_log": {
      "conditions": {"items": [{"items": "minecraft:stripped_birch_log"}]},
      "trigger": "minecraft:inventory_changed"
    },
    "has_the_recipe": {
      "conditions": {"recipe": "suprememc:birch_planks_from_stripped_birch_log_stonecutting"},
      "trigger": "minecraft:recipe_unlocked"
    }
  },
  "requirements": [["has_the_recipe","has_stripped_birch_log"]],
  "rewards": {"recipes": ["suprememc:birch_planks_from_stripped_birch_log_stonecutting"]}
}