{
  "parent": "minecraft:recipes/root",
  "criteria": {"has_stripped_cherry_wood": {"conditions": {"items": [{"items": "minecraft:stripped_cherry_wood"}]},"trigger": "minecraft:inventory_changed"},"has_the_recipe": {"conditions": {"recipe": "suprememc:cherry_planks_from_stripped_cherry_wood_stonecutting"},"trigger": "minecraft:recipe_unlocked"}},"requirements": [["has_the_recipe","has_stripped_cherry_wood"]],"rewards": {"recipes": ["suprememc:cherry_planks_from_stripped_cherry_wood_stonecutting"]}
}