{
    "parent": "minecraft:recipes/root",
    "criteria": {
        "has_stripped_crimson_hyphae": {
            "conditions": {
                "items": [
                    {
                        "items": "minecraft:stripped_crimson_hyphae"
                    }
                ]
            },
            "trigger": "minecraft:inventory_changed"
        },
        "has_the_recipe": {
            "conditions": {
                "recipe": "suprememc:crimson_planks_from_stripped_crimson_hyphae_stonecutting"
            },
            "trigger": "minecraft:recipe_unlocked"
        }
    },
    "requirements": [
        [
            "has_the_recipe",
            "has_stripped_crimson_hyphae"
        ]
    ],
    "rewards": {
        "recipes": [
            "suprememc:crimson_planks_from_stripped_crimson_hyphae_stonecutting"
        ]
    }
}