{
  "parent": "minecraft:recipes/root",
  "criteria": {"has_stripped_crimson_stem": {"conditions": {"items": [{"items": "minecraft:stripped_crimson_stem"}]},"trigger": "minecraft:inventory_changed"},"has_the_recipe": {"conditions": {"recipe": "suprememc:crimson_planks_from_stripped_crimson_stem_stonecutting"},"trigger": "minecraft:recipe_unlocked"}},"requirements": [["has_the_recipe","has_stripped_crimson_stem"]],"rewards": {"recipes": ["suprememc:crimson_planks_from_stripped_crimson_stem_stonecutting"]}
}