{
  "parent": "minecraft:recipes/root",
  "criteria": {"has_stripped_jungle_log": {"conditions": {"items": [{"items": "minecraft:stripped_jungle_log"}]},"trigger": "minecraft:inventory_changed"},"has_the_recipe": {"conditions": {"recipe": "suprememc:jungle_planks_from_stripped_jungle_log_stonecutting"},"trigger": "minecraft:recipe_unlocked"}},"requirements": [["has_the_recipe","has_stripped_jungle_log"]],"rewards": {"recipes": ["suprememc:jungle_planks_from_stripped_jungle_log_stonecutting"]}
}