{
  "parent": "minecraft:recipes/root",
  "criteria": {"has_stripped_jungle_wood": {"conditions": {"items": [{"items": "minecraft:stripped_jungle_wood"}]},"trigger": "minecraft:inventory_changed"},"has_the_recipe": {"conditions": {"recipe": "suprememc:jungle_planks_from_stripped_jungle_wood_stonecutting"},"trigger": "minecraft:recipe_unlocked"}},"requirements": [["has_the_recipe","has_stripped_jungle_wood"]],"rewards": {"recipes": ["suprememc:jungle_planks_from_stripped_jungle_wood_stonecutting"]}
}