{
  "parent": "minecraft:recipes/root",
  "criteria": {"has_stripped_mangrove_log": {"conditions": {"items": [{"items": "minecraft:stripped_mangrove_log"}]},"trigger": "minecraft:inventory_changed"},"has_the_recipe": {"conditions": {"recipe": "suprememc:mangrove_planks_from_stripped_mangrove_log_stonecutting"},"trigger": "minecraft:recipe_unlocked"}},"requirements": [["has_the_recipe","has_stripped_mangrove_log"]],"rewards": {"recipes": ["suprememc:mangrove_planks_from_stripped_mangrove_log_stonecutting"]}
}