{
  "parent": "minecraft:recipes/root",
  "criteria": {"has_stripped_pale_oak_log": {"conditions": {"items": [{"items": "minecraft:stripped_pale_oak_log"}]},"trigger": "minecraft:inventory_changed"},"has_the_recipe": {"conditions": {"recipe": "suprememc:pale_oak_planks_from_stripped_pale_oak_log_stonecutting"},"trigger": "minecraft:recipe_unlocked"}},"requirements": [["has_the_recipe","has_stripped_pale_oak_log"]],"rewards": {"recipes": ["suprememc:pale_oak_planks_from_stripped_pale_oak_log_stonecutting"]}
}