{
  "parent": "minecraft:recipes/root",
  "criteria": {"has_stripped_spruce_log": {"conditions": {"items": [{"items": "minecraft:stripped_spruce_log"}]},"trigger": "minecraft:inventory_changed"},"has_the_recipe": {"conditions": {"recipe": "suprememc:spruce_planks_from_stripped_spruce_log_stonecutting"},"trigger": "minecraft:recipe_unlocked"}},"requirements": [["has_the_recipe","has_stripped_spruce_log"]],"rewards": {"recipes": ["suprememc:spruce_planks_from_stripped_spruce_log_stonecutting"]}
}