{
  "parent": "minecraft:recipes/root",
  "criteria": {"has_stripped_spruce_wood": {"conditions": {"items": [{"items": "minecraft:stripped_spruce_wood"}]},"trigger": "minecraft:inventory_changed"},"has_the_recipe": {"conditions": {"recipe": "suprememc:spruce_planks_from_stripped_spruce_wood_stonecutting"},"trigger": "minecraft:recipe_unlocked"}},"requirements": [["has_the_recipe","has_stripped_spruce_wood"]],"rewards": {"recipes": ["suprememc:spruce_planks_from_stripped_spruce_wood_stonecutting"]}
}