{
  "parent": "minecraft:recipes/root",
  "criteria": {
    "has_crimson_hyphae": {
      "conditions": {
        "items": [
          {
            "items": "minecraft:crimson_hyphae"
          }
        ]
      },
      "trigger": "minecraft:inventory_changed"
    },
    "has_the_recipe": {
      "conditions": {
        "recipe": "suprememc:stripped_crimson_hyphae_from_crimson_hyphae_stonecutting"
      },
      "trigger": "minecraft:recipe_unlocked"
    }
  },
  "requirements": [
    [
      "has_the_recipe",
      "has_crimson_hyphae"
    ]
  ],
  "rewards": {
    "recipes": [
      "suprememc:stripped_crimson_hyphae_from_crimson_hyphae_stonecutting"
    ]
  }
}
