{
  "parent": "minecraft:recipes/root",
  "criteria": {
    "has_crimson_stem": {
      "conditions": {
        "items": [
          {
            "items": "minecraft:crimson_stem"
          }
        ]
      },
      "trigger": "minecraft:inventory_changed"
    },
    "has_the_recipe": {
      "conditions": {
        "recipe": "suprememc:stripped_crimson_stem_from_crimson_stem_stonecutting"
      },
      "trigger": "minecraft:recipe_unlocked"
    }
  },
  "requirements": [
    [
      "has_the_recipe",
      "has_crimson_stem"
    ]
  ],
  "rewards": {
    "recipes": [
      "suprememc:stripped_crimson_stem_from_crimson_stem_stonecutting"
    ]
  }
}
