{
  "parent": "minecraft:recipes/root",
  "criteria": {
    "has_oak_wood": {
      "conditions": {
        "items": [
          {
            "items": "minecraft:oak_wood"
          }
        ]
      },
      "trigger": "minecraft:inventory_changed"
    },
    "has_the_recipe": {
      "conditions": {
        "recipe": "suprememc:stripped_oak_wood_from_oak_wood_stonecutting"
      },
      "trigger": "minecraft:recipe_unlocked"
    }
  },
  "requirements": [
    [
      "has_the_recipe",
      "has_oak_wood"
    ]
  ],
  "rewards": {
    "recipes": [
      "suprememc:stripped_oak_wood_from_oak_wood_stonecutting"
    ]
  }
}
