{
  "parent": "minecraft:recipes/root",
  "criteria": {
    "has_acacia_wood": {
      "conditions": {
        "items": [
          {
            "items": "minecraft:acacia_wood"
          }
        ]
      },
      "trigger": "minecraft:inventory_changed"
    },
    "has_the_recipe": {
      "conditions": {
        "recipe": "suprememc:stripped_acacia_wood_from_acacia_wood_stonecutting"
      },
      "trigger": "minecraft:recipe_unlocked"
    }
  },
  "requirements": [
    [
      "has_the_recipe",
      "has_acacia_wood"
    ]
  ],
  "rewards": {
    "recipes": [
      "suprememc:stripped_acacia_wood_from_acacia_wood_stonecutting"
    ]
  }
}
