{
  "parent": "minecraft:recipes/root",
  "criteria": {
    "has_jungle_wood": {
      "conditions": {
        "items": [
          {
            "items": "minecraft:jungle_wood"
          }
        ]
      },
      "trigger": "minecraft:inventory_changed"
    },
    "has_the_recipe": {
      "conditions": {
        "recipe": "suprememc:stripped_jungle_wood_from_jungle_wood_stonecutting"
      },
      "trigger": "minecraft:recipe_unlocked"
    }
  },
  "requirements": [
    [
      "has_the_recipe",
      "has_jungle_wood"
    ]
  ],
  "rewards": {
    "recipes": [
      "suprememc:stripped_jungle_wood_from_jungle_wood_stonecutting"
    ]
  }
}
