{
  "parent": "minecraft:recipes/root",
  "criteria": {
    "has_cherry_wood": {
      "conditions": {
        "items": [
          {
            "items": "minecraft:cherry_wood"
          }
        ]
      },
      "trigger": "minecraft:inventory_changed"
    },
    "has_the_recipe": {
      "conditions": {
        "recipe": "suprememc:stripped_cherry_wood_from_cherry_wood_stonecutting"
      },
      "trigger": "minecraft:recipe_unlocked"
    }
  },
  "requirements": [
    [
      "has_the_recipe",
      "has_cherry_wood"
    ]
  ],
  "rewards": {
    "recipes": [
      "suprememc:stripped_cherry_wood_from_cherry_wood_stonecutting"
    ]
  }
}
