{
  "parent": "minecraft:recipes/root",
  "criteria": {"has_stripped_warped_hyphae": {"conditions": {"items": [{"items": "minecraft:stripped_warped_hyphae"}]},"trigger": "minecraft:inventory_changed"},"has_the_recipe": {"conditions": {"recipe": "suprememc:warped_planks_from_stripped_warped_hyphae_stonecutting"},"trigger": "minecraft:recipe_unlocked"}},"requirements": [["has_the_recipe","has_stripped_warped_hyphae"]],"rewards": {"recipes": ["suprememc:warped_planks_from_stripped_warped_hyphae_stonecutting"]}
}