{
  "parent": "minecraft:recipes/root",
  "criteria": {
    "has_warped_planks": {
      "conditions": { "items": [ { "items": "minecraft:warped_planks" } ] },
      "trigger": "minecraft:inventory_changed"
    },
    "has_the_recipe": {
      "conditions": { "recipe": "suprememc:warped_slab_from_warped_planks_stonecutting" },
      "trigger": "minecraft:recipe_unlocked"
    }
  },
  "requirements": [["has_the_recipe","has_warped_planks"]],
  "rewards": { "recipes": ["suprememc:warped_slab_from_warped_planks_stonecutting"] }
}
